{
    "Random Forest": {
        "accuracy": 0.9411764705882353,
        "cv_mean": 0.935059105192279,
        "cv_std": 0.017567751155396286,
        "classification_report": {
            "Allergy": {
                "precision": 0.9090909090909091,
                "recall": 1.0,
                "f1-score": 0.9523809523809523,
                "support": 10.0
            },
            "Arthritis": {
                "precision": 0.9090909090909091,
                "recall": 0.9523809523809523,
                "f1-score": 0.9302325581395349,
                "support": 21.0
            },
            "Common Cold": {
                "precision": 1.0,
                "recall": 0.8,
                "f1-score": 0.8888888888888888,
                "support": 10.0
            },
            "Dengue": {
                "precision": 0.9090909090909091,
                "recall": 1.0,
                "f1-score": 0.9523809523809523,
                "support": 10.0
            },
            "Fungal infection": {
                "precision": 0.96875,
                "recall": 1.0,
                "f1-score": 0.9841269841269841,
                "support": 31.0
            },
            "GERD": {
                "precision": 1.0,
                "recall": 1.0,
                "f1-score": 1.0,
                "support": 10.0
            },
            "Gastroenteritis": {
                "precision": 1.0,
                "recall": 1.0,
                "f1-score": 1.0,
                "support": 10.0
            },
            "Hepatitis": {
                "precision": 1.0,
                "recall": 0.9,
                "f1-score": 0.9473684210526315,
                "support": 10.0
            },
            "Hypoglycemia": {
                "precision": 1.0,
                "recall": 0.8,
                "f1-score": 0.8888888888888888,
                "support": 10.0
            },
            "Malaria": {
                "precision": 0.84,
                "recall": 1.0,
                "f1-score": 0.9130434782608695,
                "support": 21.0
            },
            "Migraine": {
                "precision": 0.9,
                "recall": 0.9,
                "f1-score": 0.9,
                "support": 10.0
            },
            "Peptic ulcer": {
                "precision": 1.0,
                "recall": 1.0,
                "f1-score": 1.0,
                "support": 10.0
            },
            "Pneumonia": {
                "precision": 0.875,
                "recall": 0.7,
                "f1-score": 0.7777777777777778,
                "support": 10.0
            },
            "Tuberculosis": {
                "precision": 0.9545454545454546,
                "recall": 1.0,
                "f1-score": 0.9767441860465116,
                "support": 21.0
            },
            "Typhoid": {
                "precision": 1.0,
                "recall": 0.8,
                "f1-score": 0.8888888888888888,
                "support": 10.0
            },
            "accuracy": 0.9411764705882353,
            "macro avg": {
                "precision": 0.9510378787878788,
                "recall": 0.9234920634920635,
                "f1-score": 0.9333814651221921,
                "support": 204.0
            },
            "weighted avg": {
                "precision": 0.9448011363636363,
                "recall": 0.9411764705882353,
                "f1-score": 0.9396770043230956,
                "support": 204.0
            }
        }
    },
    "Gradient Boosting": {
        "accuracy": 0.946078431372549,
        "cv_mean": 0.912965733951818,
        "cv_std": 0.017185114034690765,
        "classification_report": {
            "Allergy": {
                "precision": 0.9090909090909091,
                "recall": 1.0,
                "f1-score": 0.9523809523809523,
                "support": 10.0
            },
            "Arthritis": {
                "precision": 1.0,
                "recall": 0.9047619047619048,
                "f1-score": 0.95,
                "support": 21.0
            },
            "Common Cold": {
                "precision": 1.0,
                "recall": 0.9,
                "f1-score": 0.9473684210526315,
                "support": 10.0
            },
            "Dengue": {
                "precision": 0.8333333333333334,
                "recall": 1.0,
                "f1-score": 0.9090909090909091,
                "support": 10.0
            },
            "Fungal infection": {
                "precision": 0.96875,
                "recall": 1.0,
                "f1-score": 0.9841269841269841,
                "support": 31.0
            },
            "GERD": {
                "precision": 1.0,
                "recall": 1.0,
                "f1-score": 1.0,
                "support": 10.0
            },
            "Gastroenteritis": {
                "precision": 0.9090909090909091,
                "recall": 1.0,
                "f1-score": 0.9523809523809523,
                "support": 10.0
            },
            "Hepatitis": {
                "precision": 1.0,
                "recall": 1.0,
                "f1-score": 1.0,
                "support": 10.0
            },
            "Hypoglycemia": {
                "precision": 0.9090909090909091,
                "recall": 1.0,
                "f1-score": 0.9523809523809523,
                "support": 10.0
            },
            "Malaria": {
                "precision": 0.875,
                "recall": 1.0,
                "f1-score": 0.9333333333333333,
                "support": 21.0
            },
            "Migraine": {
                "precision": 0.9090909090909091,
                "recall": 1.0,
                "f1-score": 0.9523809523809523,
                "support": 10.0
            },
            "Peptic ulcer": {
                "precision": 1.0,
                "recall": 0.9,
                "f1-score": 0.9473684210526315,
                "support": 10.0
            },
            "Pneumonia": {
                "precision": 1.0,
                "recall": 0.5,
                "f1-score": 0.6666666666666666,
                "support": 10.0
            },
            "Tuberculosis": {
                "precision": 0.9545454545454546,
                "recall": 1.0,
                "f1-score": 0.9767441860465116,
                "support": 21.0
            },
            "Typhoid": {
                "precision": 1.0,
                "recall": 0.8,
                "f1-score": 0.8888888888888888,
                "support": 10.0
            },
            "accuracy": 0.946078431372549,
            "macro avg": {
                "precision": 0.951199494949495,
                "recall": 0.9336507936507936,
                "f1-score": 0.9342074413188244,
                "support": 204.0
            },
            "weighted avg": {
                "precision": 0.9517091874628639,
                "recall": 0.946078431372549,
                "f1-score": 0.9424442920473951,
                "support": 204.0
            }
        },
        "roc_auc": 0.9972391779087838
    },
    "SVM": {
        "accuracy": 0.9558823529411765,
        "cv_mean": 0.9448451294328895,
        "cv_std": 0.014016616552210356,
        "classification_report": {
            "Allergy": {
                "precision": 1.0,
                "recall": 1.0,
                "f1-score": 1.0,
                "support": 10.0
            },
            "Arthritis": {
                "precision": 0.9523809523809523,
                "recall": 0.9523809523809523,
                "f1-score": 0.9523809523809523,
                "support": 21.0
            },
            "Common Cold": {
                "precision": 1.0,
                "recall": 0.9,
                "f1-score": 0.9473684210526315,
                "support": 10.0
            },
            "Dengue": {
                "precision": 0.9090909090909091,
                "recall": 1.0,