{
    "Random Forest": {
        "accuracy": 0.946078431372549,
        "cv_mean": 0.9350516235223703,
        "cv_std": 0.015796787285752782,
        "classification_report": {
            "Allergy": {
                "precision": 1.0,
                "recall": 1.0,
                "f1-score": 1.0,
                "support": 10.0
            },
            "Arthritis": {
                "precision": 1.0,
                "recall": 1.0,
                "f1-score": 1.0,
                "support": 21.0
            },
            "Common Cold": {
                "precision": 0.9,
                "recall": 0.9,
                "f1-score": 0.9,
                "support": 10.0
            },
            "Dengue": {
                "precision": 1.0,
                "recall": 0.8,
                "f1-score": 0.8888888888888888,
                "support": 10.0
            },
            "Fungal infection": {
                "precision": 0.8823529411764706,
                "recall": 0.967741935483871,
                "f1-score": 0.9230769230769231,
                "support": 31.0
            },
            "GERD": {
                "precision": 1.0,
                "recall": 0.9,
                "f1-score": 0.9473684210526315,
                "support": 10.0
            },
            "Gastroenteritis": {
                "precision": 1.0,
                "recall": 1.0,
                "f1-score": 1.0,
                "support": 10.0
            },
            "Hepatitis": {
                "precision": 0.9090909090909091,
                "recall": 1.0,
                "f1-score": 0.9523809523809523,
                "support": 10.0
            },
            "Hypoglycemia": {
                "precision": 1.0,
                "recall": 0.9,
                "f1-score": 0.9473684210526315,
                "support": 10.0
            },
            "Malaria": {
                "precision": 0.95,
                "recall": 0.9047619047619048,
                "f1-score": 0.926829268292683,
                "support": 21.0
            },
            "Migraine": {
                "precision": 0.9090909090909091,
                "recall": 1.0,
                "f1-score": 0.9523809523809523,
                "support": 10.0
            },
            "Peptic ulcer": {
                "precision": 1.0,
                "recall": 1.0,
                "f1-score": 1.0,
                "support": 10.0
            },
            "Pneumonia": {
                "precision": 1.0,
                "recall": 0.8,
                "f1-score": 0.8888888888888888,
                "support": 10.0
            },
            "Tuberculosis": {
                "precision": 0.875,
                "recall": 1.0,
                "f1-score": 0.9333333333333333,
                "support": 21.0
            },
            "Typhoid": {
                "precision": 1.0,
                "recall": 0.9,
                "f1-score": 0.9473684210526315,
                "support": 10.0
            },
            "accuracy": 0.946078431372549,
            "macro avg": {
                "precision": 0.9617023172905524,
                "recall": 0.9381669226830519,
                "f1-score": 0.9471922980267012,
                "support": 204.0
            },
            "weighted avg": {
                "precision": 0.9502929380308273,
                "recall": 0.946078431372549,
                "f1-score": 0.9457120034632681,
                "support": 204.0
            }
        }
    },
    "Gradient Boosting": {
        "accuracy": 0.9313725490196079,
        "cv_mean": 0.9081026485111477,
        "cv_std": 0.010834419028442325,
        "classification_report": {
            "Allergy": {
                "precision": 1.0,
                "recall": 1.0,
                "f1-score": 1.0,
                "support": 10.0
            },
            "Arthritis": {
                "precision": 0.9523809523809523,
                "recall": 0.9523809523809523,
                "f1-score": 0.9523809523809523,
                "support": 21.0
            },
            "Common Cold": {
                "precision": 0.9,
                "recall": 0.9,
                "f1-score": 0.9,
                "support": 10.0
            },
            "Dengue": {
                "precision": 1.0,
                "recall": 0.8,
                "f1-score": 0.8888888888888888,
                "support": 10.0
            },
            "Fungal infection": {
                "precision": 0.8823529411764706,
                "recall": 0.967741935483871,
                "f1-score": 0.9230769230769231,
                "support": 31.0
            },
            "GERD": {
                "precision": 1.0,
                "recall": 1.0,
                "f1-score": 1.0,
                "support": 10.0
            },
            "Gastroenteritis": {
                "precision": 1.0,
                "recall": 1.0,
                "f1-score": 1.0,
                "support": 10.0
            },
            "Hepatitis": {
                "precision": 0.8888888888888888,
                "recall": 0.8,
                "f1-score": 0.8421052631578947,
                "support": 10.0
            },
            "Hypoglycemia": {
                "precision": 1.0,
                "recall": 1.0,
                "f1-score": 1.0,
                "support": 10.0
            },
            "Malaria": {
                "precision": 0.8947368421052632,
                "recall": 0.8095238095238095,
                "f1-score": 0.85,
                "support": 21.0
            },
            "Migraine": {
                "precision": 1.0,
                "recall": 1.0,
                "f1-score": 1.0,
                "support": 10.0
            },
            "Peptic ulcer": {
                "precision": 0.9090909090909091,
                "recall": 1.0,
                "f1-score": 0.9523809523809523,
                "support": 10.0
            },
            "Pneumonia": {
                "precision": 1.0,
                "recall": 0.8,
                "f1-score": 0.8888888888888888,
                "support": 10.0
            },
            "Tuberculosis": {
                "precision": 0.875,
                "recall": 1.0,
                "f1-score": 0.9333333333333333,
                "support": 21.0
            },
            "Typhoid": {
                "precision": 0.9,
                "recall": 0.9,
                "f1-score": 0.9,
                "support": 10.0
            },
            "accuracy": 0.9313725490196079,
            "macro avg": {
                "precision": 0.9468300355761656,
                "recall": 0.9286431131592424,
                "f1-score": 0.9354036801405223,
                "support": 204.0
            },
            "weighted avg": {
                "precision": 0.9338098668650937,
                "recall": 0.9313725490196079,
                "f1-score": 0.9303334536693669,
                "support": 204.0
            }
        }
    },
    "SVM": {
        "accuracy": 0.9509803921568627,
        "cv_mean": 0.939982043992219,
        "cv_std": 0.01779960815871162,
        "classification_report": {
            "Allergy": {
                "precision": 1.0,
                "recall": 1.0,
                "f1-score": 1.0,
                "support": 10.0
            },
            "Arthritis": {
                "precision": 1.0,
                "recall": 0.9523809523809523,
                "f1-score": 0.975609756097561,
                "support": 21.0
            },
            "Common Cold": {
                "precision": 0.9090909090909091,
                "recall": 1.0,
                "f1-score": 0.9523809523809523,
                "support": 10.0
            },
            "Dengue": {
                "precision": 1.0,
                "recall": 0.8,
                "f1-score": 0.8888888888888888,
                "support": 10.0
            },
            "Fungal infection": {
                "precision": 0.8823529411764706,