{
    "Random Forest": {
        "accuracy": 0.9117647058823529,
        "cv_mean": 0.931378123597187,
        "cv_std": 0.01051470386092409,
        "classification_report": {
            "Allergy": {
                "precision": 1.0,
                "recall": 1.0,
                "f1-score": 1.0,
                "support": 10.0
            },
            "Arthritis": {
                "precision": 0.9545454545454546,
                "recall": 1.0,
                "f1-score": 0.9767441860465117,
                "support": 21.0
            },
            "Common Cold": {
                "precision": 0.9,
                "recall": 0.9,
                "f1-score": 0.9,
                "support": 10.0
            },
            "Dengue": {
                "precision": 1.0,
                "recall": 0.8,
                "f1-score": 0.888888888888889,
                "support": 10.0
            },
            "Fungal infection": {
                "precision": 0.8571428571428571,
                "recall": 0.967741935483871,
                "f1-score": 0.909090909090909,
                "support": 31.0
            },
            "GERD": {
                "precision": 1.0,
                "recall": 0.8,
                "f1-score": 0.888888888888889,
                "support": 10.0
            },
            "Gastroenteritis": {
                "precision": 0.9090909090909091,
                "recall": 1.0,
                "f1-score": 0.9523809523809523,
                "support": 10.0
            },
            "Hepatitis": {
                "precision": 0.8888888888888888,
                "recall": 0.8,
                "f1-score": 0.8421052631578948,
                "support": 10.0
            },
            "Hypoglycemia": {
                "precision": 0.8888888888888888,
                "recall": 0.8,
                "f1-score": 0.8421052631578948,
                "support": 10.0
            },
            "Malaria": {
                "precision": 0.9047619047619048,
                "recall": 0.9047619047619048,
                "f1-score": 0.9047619047619048,
                "support": 21.0
            },
            "Migraine": {
                "precision": 0.8888888888888888,
                "recall": 0.8,
                "f1-score": 0.8421052631578948,
                "support": 10.0
            },
            "Peptic ulcer": {
                "precision": 1.0,
                "recall": 1.0,
                "f1-score": 1.0,
                "support": 10.0
            },
            "Pneumonia": {
                "precision": 1.0,
                "recall": 0.8,
                "f1-score": 0.888888888888889,
                "support": 10.0
            },
            "Tuberculosis": {
                "precision": 0.8,
                "recall": 0.9523809523809523,
                "f1-score": 0.8695652173913043,
                "support": 21.0
            },
            "Typhoid": {
                "precision": 1.0,
                "recall": 0.9,
                "f1-score": 0.9473684210526316,
                "support": 10.0
            },
            "accuracy": 0.9117647058823529,
            "macro avg": {
                "precision": 0.9328138528138529,
                "recall": 0.8949923195084487,
                "f1-score": 0.9101929364576378,
                "support": 204.0
            },
            "weighted avg": {
                "precision": 0.9175218572277396,
                "recall": 0.9117647058823529,
                "f1-score": 0.9111844801458417,
                "support": 204.0
            }
        }
    },
    "Gradient Boosting": {
        "accuracy": 0.9313725490196079,
        "cv_mean": 0.9081026485111477,
        "cv_std": 0.010834419028442325,
        "classification_report": {
            "Allergy": {
                "precision": 1.0,
                "recall": 1.0,
                "f1-score": 1.0,
                "support": 10.0
            },
            "Arthritis": {
                "precision": 0.9523809523809523,
                "recall": 0.9523809523809523,
                "f1-score": 0.9523809523809523,
                "support": 21.0
            },
            "Common Cold": {
                "precision": 0.9,
                "recall": 0.9,
                "f1-score": 0.9,
                "support": 10.0
            },
            "Dengue": {
                "precision": 1.0,
                "recall": 0.8,
                "f1-score": 0.888888888888889,
                "support": 10.0
            },
            "Fungal infection": {
                "precision": 0.8823529411764706,
                "recall": 0.967741935483871,
                "f1-score": 0.923076923076923,
                "support": 31.0
            },
            "GERD": {
                "precision": 1.0,
                "recall": 1.0,
                "f1-score": 1.0,
                "support": 10.0
            },
            "Gastroenteritis": {
                "precision": 1.0,
                "recall": 1.0,
                "f1-score": 1.0,
                "support": 10.0
            },
            "Hepatitis": {
                "precision": 0.8888888888888888,
                "recall": 0.8,
                "f1-score": 0.8421052631578948,
                "support": 10.0
            },
            "Hypoglycemia": {
                "precision": 1.0,
                "recall": 1.0,
                "f1-score": 1.0,
                "support": 10.0
            },
            "Malaria": {
                "precision": 0.8947368421052632,
                "recall": 0.8095238095238095,
                "f1-score": 0.8500000000000001,
                "support": 21.0
            },
            "Migraine": {
                "precision": 1.0,
                "recall": 1.0,
                "f1-score": 1.0,
                "support": 10.0
            },
            "Peptic ulcer": {
                "precision": 0.9090909090909091,
                "recall": 1.0,
                "f1-score": 0.9523809523809523,
                "support": 10.0
            },
            "Pneumonia": {
                "precision": 1.0,
                "recall": 0.8,
                "f1-score": 0.888888888888889,
                "support": 10.0
            },
            "Tuberculosis": {
                "precision": 0.875,
                "recall": 1.0,
                "f1-score": 0.9333333333333333,
                "support": 21.0
            },
            "Typhoid": {
                "precision": 0.9,
                "recall": 0.9,
                "f1-score": 0.9,
                "support": 10.0
            },
            "accuracy": 0.9313725490196079,
            "macro avg": {
                "precision": 0.9468300355761656,
                "recall": 0.9286431131592424,
                "f1-score": 0.9354036801405223,
                "support": 204.0
            },
            "weighted avg": {
                "precision": 0.9338098668650937,
                "recall": 0.9313725490196079,
                "f1-score": 0.9303334536693669,
                "support": 204.0
            }
        },
        "roc_auc": 0.998370097077475
    },
    "SVM": {
        "accuracy": 0.9509803921568627,
        "cv_mean": 0.939982043992219,
        "cv_std": 0.01779960815871162,
        "classification_report": {
            "Allergy": {
                "precision": 1.0,
                "recall": 1.0,
                "f1-score": 1.0,
                "support": 10.0
            },
            "Arthritis": {
                "precision": 1.0,
                "recall": 0.9523809523809523,
                "f1-score": 0.975609756097561,
                "support": 21.0
            },
            "Common Cold": {
                "precision": 0.9090909090909091,
                "recall": 1.0,
                "f1-score": 0.9523809523809523,
                "support": 10.0
            },
            "Dengue": {
                "precision": 1.0,
                "recall": 0.8,